{
  "configVersion": 1,
  "index": "/index.html",
  "assetGroups": [
    {
      "name": "app",
      "installMode": "prefetch",
      "updateMode": "prefetch",
      "urls": [
        "/favicon.ico",
        "/index.html",
        "/main.1442866940f49acd6475.js",
        "/polyfills.398b29e2a8753cfaf939.js",
        "/runtime.894772cff873e45e56d8.js",
        "/scripts.c97a91ab0e72b2453ecb.js",
        "/styles.a2a8e3f6abcf880c8569.css"
      ],
      "patterns": []
    },
    {
      "name": "assets",
      "installMode": "lazy",
      "updateMode": "prefetch",
      "urls": [
        "/assets/A.png",
        "/assets/App Icons.ai",
        "/assets/Artboard 1.png",
        "/assets/C.png",
        "/assets/D.png",
        "/assets/F.png",
        "/assets/FeaturedListing.ai",
        "/assets/HMH Icons.ai",
        "/assets/HMHCover3.png",
        "/assets/HelloMyHouse-sm.png",
        "/assets/Jpmtg_logo.png",
        "/assets/OhNoes.png",
        "/assets/P.png",
        "/assets/R.png",
        "/assets/S.png",
        "/assets/SheppardYonge.png",
        "/assets/Snapit-02.png",
        "/assets/Snapit@0.5x.png",
        "/assets/T.png",
        "/assets/W.png",
        "/assets/ZoningTO_simplified.json",
        "/assets/account.png",
        "/assets/account.svg",
        "/assets/baseline-contact_support-24px.svg",
        "/assets/baseline-hotel-24px.svg",
        "/assets/baseline_contact_support_white_24dp.png",
        "/assets/baseline_hotel_black_48dp.png",
        "/assets/btn_google_signin_dark_disabled_web.png",
        "/assets/btn_google_signin_dark_focus_web.png",
        "/assets/btn_google_signin_dark_normal_web.png",
        "/assets/btn_google_signin_dark_pressed_web.png",
        "/assets/btn_google_signin_light_normal_web@2x.png",
        "/assets/calendar.svg",
        "/assets/call.svg",
        "/assets/clusters/1.png",
        "/assets/clusters/2.png",
        "/assets/clusters/3.png",
        "/assets/coming.png",
        "/assets/condRotated.jpg",
        "/assets/condRotated.svg",
        "/assets/condo_marker.png",
        "/assets/day.svg",
        "/assets/expRotated.jpg",
        "/assets/expRotated.svg",
        "/assets/facebooklogin.png",
        "/assets/favorites.png",
        "/assets/favourite.svg",
        "/assets/filter.png",
        "/assets/filter.svg",
        "/assets/handup.svg",
        "/assets/heat-map-icon-24.jpg",
        "/assets/house.png",
        "/assets/house_marker.png",
        "/assets/howitworks.svg",
        "/assets/howitworks.svg.png",
        "/assets/howitworksen.png",
        "/assets/howitworkskr.png",
        "/assets/howto.png",
        "/assets/howto2.png",
        "/assets/i18n/en_CA.json",
        "/assets/i18n/ko_KR.json",
        "/assets/icons/icon-128x128.png",
        "/assets/icons/icon-144x144.png",
        "/assets/icons/icon-152x152.png",
        "/assets/icons/icon-192x192.png",
        "/assets/icons/icon-384x384.png",
        "/assets/icons/icon-512x512.png",
        "/assets/icons/icon-72x72.png",
        "/assets/icons/icon-96x96.png",
        "/assets/info.svg",
        "/assets/keepcalm.png",
        "/assets/like.svg",
        "/assets/loading.png",
        "/assets/logo-mls-colour.jpg",
        "/assets/logo-realtor-bw.jpg",
        "/assets/manageclient.svg",
        "/assets/new 2.svg",
        "/assets/new.svg",
        "/assets/newPlace.svg",
        "/assets/no-results.svg",
        "/assets/noresults.jpeg",
        "/assets/ohoh.svg",
        "/assets/oldPlace.svg",
        "/assets/organized_search.png",
        "/assets/permits/Amusement Park.svg_32x32.png",
        "/assets/permits/Bank.svg_32x32.png",
        "/assets/permits/Church.svg_32x32.png",
        "/assets/permits/Club.svg_32x32.png",
        "/assets/permits/Community Centre.svg_32x32.png",
        "/assets/permits/Condominium.svg_32x32.png",
        "/assets/permits/Detached House.svg_32x32.png",
        "/assets/permits/Farm.svg_32x32.png",
        "/assets/permits/Gas Station.svg_32x32.png",
        "/assets/permits/Hospital.svg_32x32.png",
        "/assets/permits/Hotel.svg_32x32.png",
        "/assets/permits/Library.svg_32x32.png",
        "/assets/permits/Museum.svg_32x32.png",
        "/assets/permits/Office 2.svg_32x32.png",
        "/assets/permits/Park.svg_32x32.png",
        "/assets/permits/Parking.svg_32x32.png",
        "/assets/permits/Police Station.svg_32x32.png",
        "/assets/permits/Restaurant.svg_32x32.png",
        "/assets/permits/Retirement Home.svg_32x32.png",
        "/assets/permits/School.svg_32x32.png",
        "/assets/permits/Semi Detached House.svg_32x32.png",
        "/assets/permits/Shopping.svg_32x32.png",
        "/assets/permits/Swimming Pool.svg_32x32.png",
        "/assets/permits/Townhouse Rowhouse.svg_32x32.png",
        "/assets/permits/Transit.svg_32x32.png",
        "/assets/proposals/Amusement Park.svg_32x32.png",
        "/assets/proposals/Bank.svg_32x32.png",
        "/assets/proposals/Church.svg_32x32.png",
        "/assets/proposals/Club.svg_32x32.png",
        "/assets/proposals/Community Centre.svg_32x32.png",
        "/assets/proposals/Condominium.svg_32x32.png",
        "/assets/proposals/Detached House.svg_32x32.png",
        "/assets/proposals/Farm.svg_32x32.png",
        "/assets/proposals/Gas Station.svg_32x32.png",
        "/assets/proposals/Hospital.svg_32x32.png",
        "/assets/proposals/Hotel.svg_32x32.png",
        "/assets/proposals/Library.svg_32x32.png",
        "/assets/proposals/Museum.svg_32x32.png",
        "/assets/proposals/Office 2.svg_32x32.png",
        "/assets/proposals/Park.svg_32x32.png",
        "/assets/proposals/Parking.svg_32x32.png",
        "/assets/proposals/Police Station.svg_32x32.png",
        "/assets/proposals/Restaurant.svg_32x32.png",
        "/assets/proposals/Retirement Home.svg_32x32.png",
        "/assets/proposals/School.svg_32x32.png",
        "/assets/proposals/Semi Detached House.svg_32x32.png",
        "/assets/proposals/Shopping.svg_32x32.png",
        "/assets/proposals/Swimming Pool.svg_32x32.png",
        "/assets/proposals/Townhouse Rowhouse.svg_32x32.png",
        "/assets/proposals/Transit.svg_32x32.png",
        "/assets/radarmap.svg",
        "/assets/reorder.svg",
        "/assets/rightathomelogo.png",
        "/assets/rss.svg",
        "/assets/sample_polygon.png",
        "/assets/semi_marker.png",
        "/assets/shower.png",
        "/assets/sold.svg",
        "/assets/soldRotated.ai",
        "/assets/soldRotated.jpg",
        "/assets/soldRotated.png",
        "/assets/soldRotated.svg",
        "/assets/suspRotated.jpg",
        "/assets/suspRotated.svg",
        "/assets/termRotated.jpg",
        "/assets/termRotated.svg",
        "/assets/today.png",
        "/assets/townhouse_marker.png",
        "/assets/trashbin.png",
        "/assets/week.png",
        "/assets/weekly-preview.png",
        "/assets/whylike.png"
      ],
      "patterns": []
    }
  ],
  "dataGroups": [],
  "hashTable": {
    "/favicon.ico": "84161b857f5c547e3699ddfbffc6d8d737542e01",
    "/assets/A.png": "651a751533c440917f356a9b8396351156a98e05",
    "/index.html": "1b56eefeed2a2a3fa41486741686ffba4e82324e",
    "/assets/App Icons.ai": "89402558fcc565082580c89e2d3dab5eff059bf6",
    "/main.1442866940f49acd6475.js": "279326d65a91a15ae550b99de8c5a6e9d3a4a5de",
    "/assets/Artboard 1.png": "604cdeedf4fb1a2f3ac3db58936e0991b0a677d8",
    "/polyfills.398b29e2a8753cfaf939.js": "53570a3e0bf1160bdc8030c0ace1ab00ca878dfe",
    "/assets/C.png": "0ec178131d1a3834af3a31f6d0653a53a3efe9b6",
    "/runtime.894772cff873e45e56d8.js": "b62956c2192bfe5516d6374e753773901ed50ec5",
    "/assets/D.png": "a26c28e995c558c31cf14037b837b3da1e9a36d4",
    "/scripts.c97a91ab0e72b2453ecb.js": "21daeedad1ce69caf5b2e481c316b31542c33175",
    "/assets/F.png": "d0589c1b62f5ff5676c6c1099269ab1a160f6b68",
    "/styles.a2a8e3f6abcf880c8569.css": "cd6005be451f9403f27da6023d86bbe6f36eedb0",
    "/assets/FeaturedListing.ai": "0a5b661f9adf6c287fd852e062c9baf3397d5e5e",
    "/assets/HMH Icons.ai": "3ce58bc83d44cf2165d0c670815ca406efec991c",
    "/assets/HMHCover3.png": "560e03690942a6f0644d19f8da63c0e3d231eeeb",
    "/assets/HelloMyHouse-sm.png": "e5b6f9479ab55ac58430c1f936a62576202b04af",
    "/assets/Jpmtg_logo.png": "1f47c4fcea834dd3c40b8eee1346aeadf872617c",
    "/assets/OhNoes.png": "f010193c7e5d1c819e6a5712c36d3ce263244002",
    "/assets/P.png": "8ab1e45c87983dbfc7ed86a1f7917403135097c5",
    "/assets/R.png": "25dd7648bc9825b78dfe60761bba1e9d5cbfb272",
    "/assets/S.png": "1532675c7024b3e94688d82dbec7690abc0f8581",
    "/assets/SheppardYonge.png": "129d3b9beda69ae10f6a7acc89f7bbfe1995099a",
    "/assets/Snapit-02.png": "a61c2cc440d28def8672e4ab43436e58d8c6e424",
    "/assets/Snapit@0.5x.png": "bfb6db0bdeb12c7c4a99029c0e1deb5f3ebd8e8a",
    "/assets/T.png": "77e6b49c54c134be07f4f9d8b7a57e9d6c9b45d2",
    "/assets/W.png": "26dd37db23d78b70c10881700e6108d452b95f08",
    "/assets/ZoningTO_simplified.json": "63938a1fc25f6aab02c46547ef6047b351cff8d7",
    "/assets/account.png": "4ae948a646303a0aed94aec93d3ce482e86d8e1d",
    "/assets/account.svg": "eb345d2fb6e2bf0167fc7ce3537f5b91c761b1c2",
    "/assets/baseline-contact_support-24px.svg": "f455ea231a3a8505ae89f339accca950a197a2c2",
    "/assets/baseline-hotel-24px.svg": "6fc1afdb256ac88438eec34e3a8047e90aec029e",
    "/assets/baseline_contact_support_white_24dp.png": "60c4969f4f4d110eb10e33e42dbf568317bbd467",
    "/assets/baseline_hotel_black_48dp.png": "1db16d881384bb3fbb26e9b0f8d0609ea7d89d4c",
    "/assets/btn_google_signin_dark_disabled_web.png": "3a567c6a672643f83c9fe7092b7c8a442e0d2620",
    "/assets/btn_google_signin_dark_focus_web.png": "13a45edabd7fafa945f5c0e1766e629d93de7d14",
    "/assets/btn_google_signin_dark_normal_web.png": "79ed19930de9c19e2b65813f126b36bd2a135339",
    "/assets/btn_google_signin_dark_pressed_web.png": "18a44fd0069ddd26a7523c0e83600eb5eac91094",
    "/assets/btn_google_signin_light_normal_web@2x.png": "bbf56c48cbc340ba0c67e094f0bd6d2af8043e0d",
    "/assets/calendar.svg": "95496dfa87134669c26aa379c4410b506d3f9561",
    "/assets/call.svg": "09b4486993feea9005afbfac2a5e83fea540ad81",
    "/assets/clusters/1.png": "c3ead3bc927345c0907c119184045a2f887a643f",
    "/assets/clusters/2.png": "c3ead3bc927345c0907c119184045a2f887a643f",
    "/assets/clusters/3.png": "c3ead3bc927345c0907c119184045a2f887a643f",
    "/assets/coming.png": "b7c2995f320addfa89b57180b6fefd3cf503569d",
    "/assets/condRotated.jpg": "4aeef5ad3b4dfb170fbaf43545a88098f1e67f43",
    "/assets/condRotated.svg": "10edd4898483f9b64dbd5826cc1e61088e15d3ab",
    "/assets/condo_marker.png": "a512fd0ee8fd6bcc3a447004deb1fc8c1e1bddd4",
    "/assets/day.svg": "ef2e4f41cfd84da00f9ab4bf25323fc6c01054b4",
    "/assets/expRotated.jpg": "b0095d9f6eda4ef863206b297ece9d9065257b56",
    "/assets/expRotated.svg": "74eba243b2093e035bdec0f1a937ccf383d6ad12",
    "/assets/facebooklogin.png": "14a248eee2408624256dad0af99081f5068dd099",
    "/assets/favorites.png": "2c14d68ba85fe6fa1285adc55201a1197cb47a1f",
    "/assets/favourite.svg": "e59638c4024785750952bc9221aede4c12162eb5",
    "/assets/filter.png": "6686d351ba36020a44f0e7bf53f39a9f3e38fec9",
    "/assets/filter.svg": "3ac6bbbae7a96882e7b30b613ca6fdd1a8985b71",
    "/assets/handup.svg": "faf5c58873896072b37eeeae355750416b896b3d",
    "/assets/heat-map-icon-24.jpg": "26b2ce858085fff409fc089c5b3f99756810bdb2",
    "/assets/house.png": "8394205d2aaca0d7c0ae1b1f625c19b6d604143e",
    "/assets/house_marker.png": "0801e329315559f370b416806b3004e462b8a2cb",
    "/assets/howitworks.svg": "3b5ed9ed103608c85b1a22f2b5fbe9f5f5422a65",
    "/assets/howitworks.svg.png": "8902ad689c4448fc37f5a62000f8003579054573",
    "/assets/howitworksen.png": "308d89a9a2c317102944de5c8086e208b573ba1d",
    "/assets/howitworkskr.png": "c198d3d9e8a3558a85472dc1f050390cdd8c9af4",
    "/assets/howto.png": "8902ad689c4448fc37f5a62000f8003579054573",
    "/assets/howto2.png": "0316b94120ea489bdb0b264e1578282df11f4aae",
    "/assets/i18n/en_CA.json": "ff95e631e42af6233577707c7cce816b881554cc",
    "/assets/i18n/ko_KR.json": "a609e053be1efffd4e4f1497bf9b9fc2a933b304",
    "/assets/icons/icon-128x128.png": "dae3b6ed49bdaf4327b92531d4b5b4a5d30c7532",
    "/assets/icons/icon-144x144.png": "b0bd89982e08f9bd2b642928f5391915b74799a7",
    "/assets/icons/icon-152x152.png": "7479a9477815dfd9668d60f8b3b2fba709b91310",
    "/assets/icons/icon-192x192.png": "1abd80d431a237a853ce38147d8c63752f10933b",
    "/assets/icons/icon-384x384.png": "329749cd6393768d3131ed6304c136b1ca05f2fd",
    "/assets/icons/icon-512x512.png": "559d9c4318b45a1f2b10596bbb4c960fe521dbcc",
    "/assets/icons/icon-72x72.png": "c457e56089a36952cd67156f9996bc4ce54a5ed9",
    "/assets/icons/icon-96x96.png": "3914125a4b445bf111c5627875fc190f560daa41",
    "/assets/info.svg": "b12bcb6fb76a64089978f1f5b3343fa46c4263b8",
    "/assets/keepcalm.png": "318f0626c26957ac96095b1650ef00de83c2ab29",
    "/assets/like.svg": "17b77da676d062871f55f41aba163a42fc0a01c0",
    "/assets/loading.png": "69d00cb254f31a014e6db4ebe0acb6025fda8a05",
    "/assets/logo-mls-colour.jpg": "99584f05681c46cc154ac86eae3f6de993b788f9",
    "/assets/logo-realtor-bw.jpg": "e5681c5364231545a81590b0406bf6fbd18364a5",
    "/assets/manageclient.svg": "0de3a260fd6fdd1be4e6475566131700077ce2eb",
    "/assets/new 2.svg": "d3155e41dbb0e845bc061b2c4b6c62ae9907dfcb",
    "/assets/new.svg": "c2065e54a5280b2f2d8236ed451e626c9973af57",
    "/assets/newPlace.svg": "f6dfbce40028ca109071aa4a0e7043315687b892",
    "/assets/no-results.svg": "cead1fb29f3a1251a6420c73274efd8dff0f8ae8",
    "/assets/noresults.jpeg": "6e12c9489340fbbd2dfd15c6b756c74f28b9fbb3",
    "/assets/ohoh.svg": "77ea881d16b06cffc91d91ea80ef12eb93f25fc7",
    "/assets/oldPlace.svg": "4b59fcc90a8c3cc9e2add9ec48fc7d8036a4bf9a",
    "/assets/organized_search.png": "0da0e9299f7afb23ac03a08f8814f55808bcb669",
    "/assets/permits/Amusement Park.svg_32x32.png": "4ba23a38e540201bd4b0a2b4b68cc986ea3e781f",
    "/assets/permits/Bank.svg_32x32.png": "a67baef9623ee917bb6c44e25dc95f073d57f100",
    "/assets/permits/Church.svg_32x32.png": "8ecf33f6b6166d43e4dda74152415967e6084eb3",
    "/assets/permits/Club.svg_32x32.png": "caa2baaf65c53b29a6ca108d2f7b44ee2731f2f9",
    "/assets/permits/Community Centre.svg_32x32.png": "b3c2f0e7c3fda3fe3773638d4f20b6987c3681db",
    "/assets/permits/Condominium.svg_32x32.png": "6f63742d978073d3979d08362f3caf7865d377d0",
    "/assets/permits/Detached House.svg_32x32.png": "5b013f99604e551a065692c8783a15e966bb0cf4",
    "/assets/permits/Farm.svg_32x32.png": "2362398ceda9d3996aec949198c847bf27c6d3ff",
    "/assets/permits/Gas Station.svg_32x32.png": "de7167aca653c236e71ba53479edda9935819260",
    "/assets/permits/Hospital.svg_32x32.png": "6ce3a798e214fe430c90641a2ec81ed23aac9425",
    "/assets/permits/Hotel.svg_32x32.png": "52504be713f333b33d7e29e7ff2d0286974563e9",
    "/assets/permits/Library.svg_32x32.png": "35c73ba0d9de1462be316c98cd620abd1f2bfcb8",
    "/assets/permits/Museum.svg_32x32.png": "cb40257db9404fe117077e9e313b8fb49f501e2d",
    "/assets/permits/Office 2.svg_32x32.png": "8d0e33ee838a75df9e0f83f0a92a983b26a4ae0d",
    "/assets/permits/Park.svg_32x32.png": "15106a7ac8cc2c502c8d0da270041db6199e5604",
    "/assets/permits/Parking.svg_32x32.png": "47198e554c28f513b663700dd0406d56f2de2c7a",
    "/assets/permits/Police Station.svg_32x32.png": "c385e1b047d3e133205c04ba788f7bc5afbd75e6",
    "/assets/permits/Restaurant.svg_32x32.png": "b5ae8ba604eaf2cf3bc83d9f76c1a0815a8217c7",
    "/assets/permits/Retirement Home.svg_32x32.png": "f29816cfdd86b2fdaf20253f9a70a50767c147f4",
    "/assets/permits/School.svg_32x32.png": "44fc181daad6950e7da39818d07661a95d1308a5",
    "/assets/permits/Semi Detached House.svg_32x32.png": "1e4c43f73ed5e67e9cb93ef432e6dc93ecf55845",
    "/assets/permits/Shopping.svg_32x32.png": "f540cfd9636decc772177702a82de73370ab2197",
    "/assets/permits/Swimming Pool.svg_32x32.png": "f0f785b1eae9f07ecdded95e7d3de4e37d055a84",
    "/assets/permits/Townhouse Rowhouse.svg_32x32.png": "5e212889173780bc31a3810c205d3c11971cfb17",
    "/assets/permits/Transit.svg_32x32.png": "5a63832dc1cd41a820d8cc7171d649cdfa7fb3fa",
    "/assets/proposals/Amusement Park.svg_32x32.png": "711b14df9f0e005c9afaa1c4e2cf090e44267601",
    "/assets/proposals/Bank.svg_32x32.png": "0767ff41fcead17bdcb02bb47881a288be3b2435",
    "/assets/proposals/Church.svg_32x32.png": "aeeefe7cf9598f3cae3f2e27f4b1bb1c05432f43",
    "/assets/proposals/Club.svg_32x32.png": "c6b416f54176f7cac1a20766e11f3165b300faf5",
    "/assets/proposals/Community Centre.svg_32x32.png": "7562bc2db09d0095fe00e8fe33fa50bea4f2dad8",
    "/assets/proposals/Condominium.svg_32x32.png": "077dc5b910cebf2f585103d640b9c04a392a804f",
    "/assets/proposals/Detached House.svg_32x32.png": "c333c95999d0cf6fea30e0a479be1eb2267d755c",
    "/assets/proposals/Farm.svg_32x32.png": "60fb1eb707327bab8ec4f695ea0a1c859a22834a",
    "/assets/proposals/Gas Station.svg_32x32.png": "e8004c9290464015d7857152097a2202bd07d1d6",
    "/assets/proposals/Hospital.svg_32x32.png": "64b8f33109a357dd1ac92db15dfd09a951aec693",
    "/assets/proposals/Hotel.svg_32x32.png": "b9644e8a50d467dc4d7e2be0a4f977b7aa5081b8",
    "/assets/proposals/Library.svg_32x32.png": "3cbeee545ac11a611a2d2f5a758e43cc219b2d07",
    "/assets/proposals/Museum.svg_32x32.png": "f021caf8b89e9bcaf69366d5337a078b0a82d997",
    "/assets/proposals/Office 2.svg_32x32.png": "bcc80b410b7b887d2546c89fc06fefbd8cba6670",
    "/assets/proposals/Park.svg_32x32.png": "4a44fa97d347377a674d1191498922c6e5d3bf20",
    "/assets/proposals/Parking.svg_32x32.png": "9b68082dfb8891279ea0369fe086d204a5f91e59",
    "/assets/proposals/Police Station.svg_32x32.png": "e47d1df95a3176f5d66c8083e80cee101c7a6e71",
    "/assets/proposals/Restaurant.svg_32x32.png": "4ccaf70fca4d63332ed7fed8720b1a4d8462e458",
    "/assets/proposals/Retirement Home.svg_32x32.png": "a15716a75be2382d0392f278dbcad7b9fc4b8038",
    "/assets/proposals/School.svg_32x32.png": "9e2a62233abb7718448ab14862eb71891cfd6d8c",
    "/assets/proposals/Semi Detached House.svg_32x32.png": "011cb881381794c878c97b503688645b549b7639",
    "/assets/proposals/Shopping.svg_32x32.png": "d89da5aad7044daca61c0bd39727a49bb9a00c4b",
    "/assets/proposals/Swimming Pool.svg_32x32.png": "e080b8abc855aed6c469cf40b8e385b0c473945d",
    "/assets/proposals/Townhouse Rowhouse.svg_32x32.png": "f031bef1cc24e3e4ef92fcb6a715303f005cf445",
    "/assets/proposals/Transit.svg_32x32.png": "f3221b01bd83c59e2b7e022b3eec97f1a27157e6",
    "/assets/radarmap.svg": "eb6e6bf014555d07eeebcf01ae3cc7b786e59481",
    "/assets/reorder.svg": "ef54522ff810dafd3684fec72343e6451a85bed1",
    "/assets/rightathomelogo.png": "0d75c69b7104a2c745773407c5b03351193e50ce",
    "/assets/rss.svg": "57ac83fb09d5d6c575dfdaaad30f1280372fc2f7",
    "/assets/sample_polygon.png": "f9fa7e4b751e9b7489b54cfa962e8e1ddc58f2be",
    "/assets/semi_marker.png": "408450f54a55b89cadd8bf43bb2c0306fe0b48f8",
    "/assets/shower.png": "cd7d0f3c9cf64707ffbaf98ffc99ce7738ab5c16",
    "/assets/sold.svg": "7ac6e7f21dac54e7810871110eee24969358c63d",
    "/assets/soldRotated.ai": "4b0d19abcb5bde1c635fe1db453d98985d5735b3",
    "/assets/soldRotated.jpg": "f5dbc3126add663601de7299024d2082729b484e",
    "/assets/soldRotated.png": "988e895641b6908db2a0ad24594f9f50f43ea191",
    "/assets/soldRotated.svg": "ef8264a54209a80c2402d0d44e860a83aeb103d7",
    "/assets/suspRotated.jpg": "cb3ffb538f2c919c6d86328dea01068db96587db",
    "/assets/suspRotated.svg": "13d7f7c572de6b185261eee3f59b631e4296b9e0",
    "/assets/termRotated.jpg": "358af51dec540ee10bb10ccbbef9b86136bf5364",
    "/assets/termRotated.svg": "1b9436e4ed937fc06bac29ad98451e675df1bb23",
    "/assets/today.png": "3cb218dde32514ca83ecf10b37762bb91dcd5d9b",
    "/assets/townhouse_marker.png": "365f99b0acd24e429b7297d20a66b044579ef76d",
    "/assets/trashbin.png": "77a6490d25456beca7c5f0c122353f158aeb126a",
    "/assets/week.png": "d21abbe0099c2969a9302f4722613d9c5c175e18",
    "/assets/weekly-preview.png": "9b6bff10cdd55f8168ee0264859847997c683528",
    "/assets/whylike.png": "557bc9ffc5ed9e7942cc51c4488767152d6dc3f1"
  },
  "navigationUrls": [
    {
      "positive": true,
      "regex": "^\\/.*$"
    },
    {
      "positive": false,
      "regex": "^\\/(?:.+\\/)?[^\\/]*\\.[^\\/]*$"
    },
    {
      "positive": false,
      "regex": "^\\/(?:.+\\/)?[^\\/]*__[^\\/]*$"
    },
    {
      "positive": false,
      "regex": "^\\/(?:.+\\/)?[^\\/]*__[^\\/]*\\/.*$"
    }
  ]
}